	Model	Fold_1	Fold_2	Fold_3	Fold_4	Fold_5	Fold_6	Fold_7	Fold_8	Fold_9	Fold_10	Average
0	MLP	0.7601476014760148	0.959409594095941	0.959409594095941	0.977859778597786	1.0	0.988929889298893	1.0	0.996309963099631	0.9962962962962963	1.0	0.9638362716960502
