	Model	Fold_1	Fold_2	Fold_3	Fold_4	Fold_5	Fold_6	Fold_7	Fold_8	Fold_9	Fold_10	Average
0	MLP	0.9630693475584735	0.9679934345506771	0.9798933114485022	0.9839967172753386	0.9922035289290111	0.993434550677062	0.9917931883463275	0.9971276159212146	0.9958982772764561	0.9975389663658737	0.9862948938348935
